english	klingon
abandon (v)	Ion
ability (n)	laH
abuse (n)	ghong
abuse (v)	ghong
accelerate (v)	chung
acceptance (n)	laj
accept (v)	laj
access (v)	naw’
accidentally, by accident (adv)	bong
accommodate (v)	ma’
accompany (v)	tlhej
accomplishment (n)	ta’
accomplish (v)	ta’
accord (n)	rom
accumulate (v)	vI’
accusation (n)	pum
accuse (v)	pum
ache, hurt, be sore (v)	’oy’
ache, pain, sore (n)	’oy’
achievement (n)	chav
achieve (v)	chav
acid (n)	pey
acquire, obtain, get (v)	Suq
act, take action (v)	vang
add (v)	chel
adjust (v)	lIS
administer (v)	loH
administration (n)	loH
admire (v)	Ho’
admit (v)	chID
advance (v)	Duv
advice (n)	qeS
advise (v)	qeS
afternoon (n)	pov
aft (n)	’o’
agency (n)	tum
agent, emissary (n)	Duy
agony (n)	bep
agree (v)	Qochbe’
agriculture (n)	Satlh
aide-de-camp (n)	boQDu’
aide (n)	boQ
airlock (n)	HIchDal
alarm (n)	ghum
alarm, sound an alarm (v)	ghum
alert (n)	ghuH
alert, warn (v)	ghuHmoH
alien, foreigner (n)	nov
alliance (n)	boq
allow, permit (v)	chaw’
also, and (joining nouns) (conj)	je
alter, change (v)	choH
altitude (n)	’Iv
always (adv)	reH
ammunition (n)	nIch
analysis (n)	poj
analyze (v)	poj
ancestor (n)	qempa’
ancestors (n)	no’
and (joining sentences) (conj)	’ej
anger (n)	QeH
animal (n)	Ha’DIbaH
annoy, bother(v)	nuQ
answer, reply (v)	jang
antimatter (n)	rugh
appear (v)	nargh
approach, go away from, proceed, come, follow (a course) (v)	ghoS
area above, area overhead (n)	Dung
area below, area under (n)	bIng
area beside, area next to (n)	retlh
area between (n)	joj
argue, dispute (v)	ghoH
army (n)	mangghom
arrest (v)	qop
arrive (v)	paw
ascend (v)	Sal
ask (v)	tlhob
assembly, council (n)	yej
assist (v)	boQ
asteroid (n)	ghopDap
atmosphere (n)	muD
attack (v)	HIv
attempt, try (v)	nID
attitude-control thrusters (n)	lolSeHcha
authority, political power (n)	woQ
baby (n)	ghu
back away from, back off, get away from (v)	DoH
back (of body) (n)	Dub
back (of hand) (n)	chap
bandage (n)	Sev
bar, saloon, cocktail lounge (n)	tach
bartender (n)	chom
barter, bargain (v)	tlhong
base (military term) (n)	waw’
battle array (n)	may’morgh
battle cruiser (n)	may’Duj
battle (n)	may’
be absentminded (v)	jeH
be absent (v)	Dach
be accomplished, finished (v)	rIn
be advanced, highly developed (v)	’Itlh
be aggressive (v)	vaQ
be all gone (v)	loj
be alone (v)	mob
beam (aboard) (v)	jol
be ancient (v)	tIQ
be angry, mad (v)	QeH
be a problem, be a hassle (v)	qay’
beard (n)	rol
be ashamed (v)	tuH
be at a negative angle (v)	taH
be bad (v)	qab
be beautiful, handsome (v)	’IH
be big (v)	tIn
be black (v)	qIj
be bold (v)	jaq
be boring (v)	Dal
be born (v)	bogh
be brave (v)	yoH
be calm (v)	jot
be careful (v)	yep
be careless (v)	yepHa’
be cautious (v)	Hoj
be civilized (v)	tay
be clean (v)	Say’
be clear, not obstructed (v)	Huv
be clever, smart, intelligent (v)	val
be clipped (v)	poD
be closed, shut (v)	SoQ
be clumsy (v)	Soy’
be cold (v)	bIr
become (v)	moj
be confused, mixed up (v)	mIS
be corrupt (v)	qal
be counterfeit, false, fake (v)	ngeb
be crazy (v)	maw’
be cunning, sly (v)	’ong
be dangerous (v)	Qob
be dark (v)	Hurgh
be defective (v)	Duy’
be depressed (v)	’It
be developed (e.g., civilization) (v)	Hach
be different (v)	pIm
be difficult (v)	Qatlh
be dirty (v)	lam
be disgraced (v)	web
be dishonest (v)	yuD
be displeased (v)	belHa’
be distressed, be in distress (v)	Sot
be drunk, intoxicated (v)	chech
be dry (v)	QaD
be dull, uninteresting (v)	qetlh
be easy (v)	ngeD
be empty, deserted, uninhabited (v)	chIm
be enough, sufficient (v)	yap
be essential, necessary (v)	’ut
be evil (v)	mIgh
be excellent (v)	pov
be excited (v)	Sey
be expert, skilled (v)	po’
be fair (v)	may
be famous, well known (v)	noy
be fanatical (v)	ngotlh
be fatal (v)	HeghmoH
be fat (v)	pI’
be fat (v)	ror
be fed up (v)	puQ
be few, be several, be a handful (v)	puS
be fierce (v)	qu’
be final, last (v)	Qav
be foolish, silly (v)	Dogh
be foreign, alien (v)	nov
be fortunate, lucky (v)	Do’
be free, independent (v)	tlhab
be frozen (v)	taD
be frustrated (v)	mogh
be funny (v)	tlhaQ
be good (v)	QaQ
be greedy (v)	qur
be green, blue, yellow (v)	SuD
be grouchy, mean (v)	qej
be guilty (v)	DIv
be happy (v)	Quch
be hard (like a rock) (v)	let
be harmful (v)	joch
be healthy (v)	pIv
be heavy (v)	’ugh
be high (v)	jen
be honest (v)	yuDHa’
be horizontal (v)	SaS
be hot (v)	tuj
be hungry (v)	ghung
be identical (v)	nIb
be ignorant (v)	jIv
be illegal (v)	Hat
be immortal (v)	jub
be impatient (v)	boH
be impressive (v)	Doj
be incompetent (v)	tlhIb
be inferior (v)	QIv
be inhabited (v)	toq
be injured (v)	rIQ
be innocent (v)	chun
be insubordinate (v)	tlhIv
be interesting (v)	Daj
be irritable (v)	bergh
be lame (v)	rIgh
be lateral, move laterally (v)	nech
be lazy (v)	buD
be left over (v)	chuv
be legal (v)	mub
believe (v)	Har
be light, bright (v)	wov
be light (weight) (v)	tIS
belly (n)	chor
be long, lengthy (duration) (v)	nI’
be long, lengthy (of an object) (v)	tIq
be loose (v)	QeyHa’
belt (n)	qogh
be many (v)	law’
be messy, sloppy (v)	ghIH
be mortal (v)	jubbe’
bend (v)	SIH
be nervous, uneasy (v)	bIt
be new (v)	chu’
be noisy (v)	chuS
be odd (v)	jum
be old (not new) (v)	ngo’
be old (not young) (v)	qan
be open, opened (v)	poS
be orange, red (v)	Doq
be parallel, go parallel to (v)	Don
be passionate (v)	nong
be patient (v)	tuv
be perfect, exact (v)	pup
be pleased (v)	bel
be popular (v)	Qat
be possible (v)	DuH
be powerful (v)	HoSghaj
be prepared, ready (to launch) (v)	ghuS
be present (not absent) (v)	SaH
be primitive (v)	lutlh
be proud (v)	Hem
be pure (v)	watlh
be putrid (v)	ngIm
be qualified (v)	’um
be quiet (v)	tam
be rare (v)	qub
be raw, unprocessed (v)	tlhol
be remote, far (v)	Hop
be responsible (v)	ngoy’
be restless (v)	ngoj
be rich (v)	mIp
be right, correct (v)	lugh
be rotten (v)	non
be rough (v)	ghegh
be rude (v)	Doch
be ruthless (v)	wIH
be sad (v)	’IQ
be satisfied (v)	yon
be self-confident (v)	jeQ
be selfish (v)	mut
be serious (v)	Sagh
be sharp (v)	jej
be shocked, dumbfounded (v)	yay’
be sick, ill (v)	rop
be simple (v)	nap
be sincere (v)	’Il
be small (v)	mach
be smooth (v)	Hab
be soft (v)	tun
be solid (v)	Sub
be sorry (v)	QoS
be sour (v)	wIb
be special, exceptional (v)	le’
be sticky (v)	Hum
be strange (v)	Huj
be strong (v)	HoS
be stubborn (v)	mul
be stupid (v)	QIp
be superior (v)	nIv
be suspect (v)	nub
be suspicious (v)	pIH
be temporary (v)	ru’
be tempted (v)	tlhu’
be the same (v)	rap
be thin (v)	lang
be thirsty (v)	’oj
be tight (v)	Qey
be tired (v)	Doy’
be together (v)	tay’
be tough (v)	rotlh
be toxic (v)	SuQ
betray (v)	magh
be trivial, trifling, unimportant (v)	ram
be true (v)	teH
be ugly (v)	moH
be unconscious (v)	vul
be uneasy (v)	jotHa’
be unhappy (v)	QuchHa’
be unusual (v)	motlhbe’
be upside down (v)	yoy
be urgent (v)	pav
be useful (v)	lI’
be usual (v)	motlh
be valuable (v)	lo’laH
be varied, various (v)	Sar
be vertical (v)	chong
be vicious (v)	naS
be vigilant (v)	Dugh
be violent (v)	ral
be vulgar (v)	Qut
be weak (v)	puj
be weird (v)	taQ
be wet (v)	yIQ
be white (v)	chIS
be wonderful, great (v)	Dun
be worn out (v)	Qop
be worthless (v)	lo’laHbe’
be wrong (v)	muj
be young (v)	Qup
birthday (n)	qoS
bite (v)	chop
blame (v)	pIch
blood (n)	’Iw
blow one’s top (v)	Qay’
board, go aboard (v)	tIj
body (n)	porgh
boil (v)	pub
bone (n)	Hom
book (n)	paq
borrow (v)	ngIp
boss (n)	pIn
boundary (n)	veH
boy (n)	loDHom
brag (v)	mIy
breakfast (n)	nIQ
break (rules) (v)	bIv
break (v)	ghor
breathe (v)	tlhuH
breath (n)	tlhuH
breed (v)	Sep
bridge (of a ship) (n)	meH
bring (v)	qem
brother (n)	loDnI’
building, structure (n)	qach
build up, take form (v)	chen
burn (v)	meQ
bury (v)	mol
business (n)	malja’
but, nevertheless, even so, however (conj)	’a
but, nevertheless, even so, however (conj)	’ach
buy, purchase (v)	je’
cage (n)	mo’
calculate (v)	SIm
calendar (n)	’ISjaH
camp (military term) (n)	raQ
cancel (v)	qIl
cape (clothing) (n)	ngup
capital (of a place) (n)	mon
captain (n)	HoD
capture (v)	jon
care (about), be concerned (about) (v)	SaH
cargo carrier (n)	tepqengwI’
cargo (n)	tep
carry, convey (v)	qeng
catalog (n)	mem
catastrophe (n)	lot
cause trouble (v)	Seng
cave (n)	DIS
celebrate (v)	lop
center, middle (n)	botlh
certainty (n)	DIch
chain (n)	mIr
chair (n)	quS
change (n)	choH
charge (military term) (v)	yov
charge (up) (v)	Huj
charming (used only ironically) (excl)	wejpuH
chase, follow (v)	tlha’
chat (v)	jaw
cheat (v)	ngor
cheek (n)	qevpob
chew (v)	yIv
child, offspring (n)	puq
chin (n)	woS
chocolate (n)	yuch
choice (n)	wIv
choke (v)	voQ
choose, select (v)	wIv
chronometer (n)	tlhaq
circle (n)	gho
citizen (n)	rewbe’
city (n)	veng
civilization (n)	tayqeq
civilize (v)	taymoH
claim (territory) (v)	DoQ
classification (n)	buv
classify (v)	buv
cliff (n)	qoj
climb (v)	toS
cloaking device (n)	So’wI’
close in, get closer, come nearer (v)	chol
close, shut (v)	SoQmoH
clothing (n)	Sut
cloud (n)	’eng
cockroach (n)	vetlh
code (n)	ngoq
collar (n)	mongDech
collect (v)	boS
collide (v)	paw’
colony (n)	mID
column (n)	tut
comet (n)	lIy
commander (n)	la’
commander (n)	ra’wI’
commit a crime (v)	HeS
commit suicide (v)	HoH’egh
communicate (v)	Qum
communications officer (n)	QumpIn
communicator, communications device (n)	QumwI’
complain, object, gripe (v)	bep
comply (v)	HeQ
compromise (v)	moS
computer (n)	De’wI’
concentrate on, focus on, think only about (v)	buS
condemn (v)	qIch
conduct diplomacy (v)	ghar
confess (v)	DIS
confide (v)	tey’
confine (v)	wegh
conflict (n)	yol
confuse (v)	mISmoH
confusion (n)	mIS
conglomeration (n)	tlhoQ
congratulate (v)	Hoy’
connect (v)	rar
conquer(v)	chargh
consent (v)	ghIb
consequential thing, something important (n)	potlh
conspiracy (n)	QuS
conspire (v)	QuS
consul (n)	jojlu’
contain (an enemy) (v)	Sev
contain (have inside) (v)	ngaS
contradict (v)	tlhoch
contribute (v)	ghaq
control manually, by hand (v)	ruQ
control panel (n)	SeHlaw
control (v)	SeH
cook (v)	vut
cooperate (v)	jIj
coordinates (n)	Quv
corpse (n)	lom
corrupt (v)	qalmoH
council, assembly (n)	rIp
Council of Elders (n)	quprIp
country, countryside (n)	Hatlh
count (v)	togh
course, dish (at a meal) (n)	nay’
course, route (n)	He
court-martial (v)	ghIpDIj
court (n)	bo’DIj
coward (n)	nuch
crew, crewman (n)	beq
crime (n)	HeS
criminal (n)	HeSwI’
crowd (n)	ghom’a’
crowd (v)	qev
cruise (v)	qugh
crystal (geologic formation) (n)	qut
cry (v)	SaQ
cure (v)	vor
custom (n)	tIgh
cut, trim (hair) (v)	chIp
cut (v)	pe’
damage, cause damage (v)	QIH
damage, destruction (n)	QIH
dandruff (n)	quHvaj
danger (n)	Qob
dare (v)	ngIl
data, information (n)	De’
data transceiving device (n)	HablI’
data transmission (n)	jabbI’ID
daughter (n)	puqbe’
dawn (n)	jajIo’
day after tomorrow (n)	cha’leS
day before yesterday (n)	cha’Hu’
day (from dawn to dawn) (n)	jaj
days ago (n)	Hu’
days from now (n)	leS
daytime (n)	pem
debate (v)	ngach
decay (v)	ragh
deceive, trick (v)	toj
decide (v)	wuq
decline, deteriorate (v)	Sab
decrease (v)	nup
defeat (v)	jey
defect (n)	Duy’
defect (v)	cheH
defend (v)	Hub
defense (n)	Hub
deflectors (n)	begh
delay (v)	mIm
demand, require (v)	poQ
demolish (v)	pej
deny (v)	tem
deodorant (n)	noSvagh
depart (v)	tlheD
depend on, rely on (v)	wuv
descend (v)	ghIr
desert (v)	choS
destination (n)	ghoch
destroy (n)	Qaw’
device (n)	jan
dictator (n)	HI’
dictatorship (n)	HI’tuy
dictionary (n)	mu’ghom
die (v)	Hegh
dignity (n)	nur
dilithium crystal (n)	cha’pujqut
dilithium (n)	cha’puj
dinner (n)	’uQ
diplomacy (n)	ghar
diplomat (n)	gharwI’
dirt (n)	lam
dirt under fingernails (n)	butlh
disable (v)	Qotlh
disagree (v)	Qoch
disappear, vanish (v)	ngab
disaster (n)	Qugh
discipline (n)	Sun
discourage (v)	tung
discover, find, observe, notice (v)	tu’
discuss, confer (v)	ja’chuq
disease (n)	rop
disguise (v)	jech
dislike (v)	par
disobey (v)	lobHa’
disregard (v)	qImHa’
dissolve (v)	ngoS
distress call (n)	Sotlaw’
district, area (n)	yoS
distrust (v)	voqHa’
disturb (v)	Suj
divide (v)	wav
dock (n)	vergh
dock (v)	vergh
doctor, physician (n)	Qel
dominate (v)	ghatlh
done (excl)	pItlh
door, gate (n)	lojmIt
doubt (v)	Hon
dread (v)	Haj
dream (v)	naj
dregs (n)	pugh
drill (military) (n)	qeq
drink (v)	tlhutlh
drop (v)	chagh
duel (v)	Hay’
duty, quest, mission, task, chore (n) 	Qu’
duty station, station (n)	yaH
dysentery (n)	pom
Earth (n)	tera’
eat (v)	Sop
eavesdrop (v)	Daq
edge (n)	HeH
eighth (num)	chorghDIch
eight (num)	chorgh
Elas (n)	’elaS
elder (n)	qup
embark (v)	ten
embassy (n)	rIvSo’
emergency (n)	chach
emissary (n)	’oSwI’
emperor (n)	ta’
emperor (n)	voDleH
empire (n)	wo’
encourage (v)	tungHa’
endure, bear (v)	SIQ
enemy (n)	jagh
energizer (n)	rIHwI’
energize (v)	rIH
energy beings (n)	HoSDo’
energy field (n)	HoSchem
engage, activate (a device) (v)	chu’
engineer (n)	jonwI’
engine (n)	jonta’
engine (n)	QuQ
enjoy (v)	tIv
enter, go in (v)	’el
entity (n)	Dol
equipment, gear (n)	luch
era (n)	bov
err, be mistaken, make a mistake (v)	Qagh
error, mistake (n)	Qagh
escort (v)	Dor
espionage (n)	lInDab
establish, set up (v)	cher
ethics (n)	ghob
evade, take evasive action (v)	jun
everyone, all, everything (n)	Hoch
exaggerate (v)	lach
examine (v)	nuD
exchange, substitute (v)	tam
excite (v)	SeymoH
execute, put to death (v)	muH
exhaust (n)	taQbang
exhaust (v)	tlhuch
exile (v)	ghIm
expand (v)	Sach
expect (v)	pIH
expedition (n)	Hoq
experience an earthquake or tremor (v)	Qom
experiment (n)	ngong
experiment (v)	ngong
explain (v)	QIj
explode (v)	jor
explosive (n)	jorwI’
eyebrow (n	Huy’
eye (n)	mIn
face (n)	qab
fact (n)	ngoD
factory (n)	laSvargh
fail (v)	luj
fall (v)	pum
family (n)	qorDu’
farm (n)	Du’
farm (v)	wIj
fascinate (v)	vuQ
fast, quickly (adv)	nom
fate (n)	San
father (n)	vav
fault, blame (n)	pIch
fault (seismic) (n)	Seq
Federation battle cruiser (n)	DIvI’may’Duj
federation, organization (n)	DIvI’
feed (someone else) (v)	je’
female, woman (n)	be’
festival (n)	yupma’
field (of land) (n)	yotlh
fifth (num)	vaghDIch
fight dirty (v)	HIgh
fight (v)	Suv
fill (v)	teb
fine, tax (v)	rup
finger (n)	nItlh
fire, energize (e.g., thrusters) (v)	laQ
fire (n)	qul
fire (torpedo, rocket, missile) (v)	baH
first (num)	wa’DIch
fissure (n)	Qargh
fist (n)	ro’
five (num)	vagh
fix, repair (v)	tI’
flag (n)	joqwI’
flap, flutter, wave (v)	joq
flee, get out (v)	Haw’
fleet (of ships) (n)	yo’
flood (n)	SoD
flood (v)	SoD
floor (n)	rav
fly (v)	puv
follow (rules) (v)	pab
fool (n)	qoH
foot (n)	qam
forbid (v)	tuch
force, compel (v)	raD
force field (n)	Surchem
forehead (n)	Quch
fore (n)	’et
forest, woods (n)	ngem
forget (v)	lIj
four (num)	loS
fourth (num)	loSDIch
freedom, independence (n)	tlhab
freeze (v)	taDmoH
freighter (n)	tongDuj
frequency (radio) (n)	Se’
friend (n)	jup
fuel (n)	nIn
funeral (n)	nol
galactic rim (n)	qIbHes
galaxy (n)	qIb
galley (n)	vutpa’
game (n)	Quj
garbage (n)	veQ
garbage scow (n)	veQDuj
gargle (v)	ghagh
gas (n)	SIp
general (rank) (n)	Sa’
Genesis (n)	qa’vam
genius (n)	wIgh
get in (v)	yong
get out, take out (v)	lel
get up (v)	Hu’
gift (n)	nob
girl (n)	be’Hom
give (v)	nob
glass (tumbler) (n)	HIvje’
glove (n)	pogh
glow (v)	wew
goal(n)	ngoQ
good (expressing satisfaction) (excl)	maj
gossip (v)	joS
government (n)	qum
govern (v)	qum
go (v)	jaH
gown (n)	paH
grain (n)	tIr
grammar (n)	pab
grandfather (n)	vavnI’
grandmother (n)	SoSnI’
grave (n)	mol
ground (n)	yav
group, party (n)	ghom
guard (n)	’avwI’
guard (v)	’av
guess (v)	loy
guest (n)	meb
gunner (n)	baHwI’
gunner (n)	matHa’
gunpowder (n)	ngat
hair (on body) (n)	pob
hair (on head) (n)	jIb
half (n)	bID
handgun (n)	HIch
hand (n)	ghop
hang (v)	HuS
happen simultaneously (v)	quq
harvest (v)	yob
hate, detest (v)	muS
have a hangover, be hung over (v)	’uH
have a headache (v)	wuQ
have, possess (v)	ghaj
head (n)	nach
heart (n)	tIq
hear (v)	Qoy
heat (n)	tuj
helmet (n)	mIv
help, aid (v)	QaH
here, hereabouts (n)	naDev
he, she, him, her (pro)	ghaH
hide, cloak (v)	So’
hinder, interfere (v)	nIS
history (n)	qun
hit (with hand, fist, implement) (v)	qIp
holster (n)	vaH
home (n)	juH
honored, with honor (adv)	batlh
honor (n)	batlh
hope (v)	tul
hostage (n)	vub
hour (n)	rep
how many? how much? (ques)	’ar
how? (ques)	chay’
hull (n)	Som
human (n)	Human
humanoid (n)	yoq
hundred (num)	vatlh
hundred thousand (num)	bIp
hunt (v)	wam
hurry (v)	moD
husband (n)	loDnal
hypnotize (v)	vong
ice (n)	chuch
idea (n)	qech
identify (v)	ngu’
I, me (pro)	jIH
impact, strike (v)	mup
improve (v)	Dub
impulse power (n)	Hong
increase (v)	ghur
indigestion (n)	poq
infect (v)	ngej
infirmary (n)	ropyaH
influence (v)	SIgh
inhabitant (n)	ngan
injure (v)	rIQmoH
insist (v)	qap
instincts (n)	Duj
insult (v)	tIch
insurrection (n)	QuD
intend, mean to (v)	Hech
interrupt (v)	qagh
introduce (v)	lIH
invade (v)	yot
invasion (n)	yot
invent, devise (v)	’ogh
ion (n)	tat
it (pro)	’oH
jacket, coat (n)	wep
join (v)	muv
journal, log (n)	QonoS
judge, estimate (v)	noH
judgment (n)	yoj
jump (v)	Sup
jurisdiction (n)	teblaw’
justice (n)	ruv
keep, save (v)	pol
keep something secret (v)	pegh
kellicam (n)	qelI’qam
kevas (n)	qevaS
kick (v)	pup
kidnap (v)	quch
kill (v)	HoH
Klingon agonizer (n)	QIghpej
Klingon Empire (n)	tlhIngan wo’
Klingon (n)	tlhIngan
Klingon writing system (n)	pIqaD
kneel (v)	tor
knee (n)	qIv
knife, dagger (n)	taj
know (v)	Sov
label (n)	per
label (v)	per
lake (n)	ngeng
landing party (n)	Saqghom
land (n)	puH
land (v)	Saq
language (n)	Hol
laugh (v)	Hagh
law (n)	chut
lead, guide (v)	Dev
leak (v)	nIj
learn (v)	ghoj
leftovers (grammatical term) (n)	chuvmey
left (side) (n)	poS
leg (n)	’uS
lend (v)	noj
let’s go, come on (excl)	Ha’
lie, fib (v)	nep
lie, recline (v)	Qot
life (n)	yIn
life signs (n)	yInroH
life-support system (n)	yIntagh
like (v)	parHa’
limit (v)	vuS
line, rope (n)	tlhegh
lip (n)	wuS
liquor (n)	HIq
listen (v)	’Ij
live (v)	yIn
look for, seek, search for (v)	nej
loosen (v)	QeyHa’moH
lord (n)	jaw
lord (n)	joH
love, one who is loved (n)	bang
luckily, with luck (adv)	Do’
lunch (n)	megh
machinery (n)	jo’
machinery (n)	mIqta’
maintain (v)	leH
maintenance (n)	leH
make peace (v)	roj
make war (v)	Qoj
male, man (n)	loD
manager (n)	vu’wI’
manage (v)	vu’
maneuver (engines) (v)	QoD
maneuver (military term) (n)	tuH
manuscript (n)	ghItIh
marriage (n)	tlhogh
marry (husband does this) (v)	Saw
marry (wife does this) (v)	nay
matter (n)	Hap
measure (v)	juv
medicine (n)	Hergh
meet, encounter, assemble, rendezvous (v)	ghom
meet (for the first time) (v)	qIH
meeting (n)	qep
melt (v)	tet
memory banks (n)	qawHaq
menu (n)	HIDjolev
merchant (n)	Suy
merchant ship (n)	SuyDuj
mercy (n)	pung
metal (n)	baS
meteor (n)	chunDab
midday (n)	pemjep
midnight (n)	ramjep
midnight snack (n)	ghem
military (n)	QI’
million (num)	’uy’
mind, brain (n)	yab
mind sifter (Klingon psychic probe) (n)	tuQDoq
mineral (n)	tlhIl
miner (n)	tlhIlwI’
mine (v)	tlhIl
minute (of time) (n)	tup
misinterpret (v)	yajHa’
mix (v)	DuD
module (n)	bobcho’
money (n)	Huch
month (Klingon) (n)	jar
moonlight (n)	maSwov
moon (n)	maS
morning (n)	po
mother (n)	SoS
mountain, hill (n)	HuD
mouth (n)	nuj
mugato (n)	mughato’
murder (v)	chot
muscle (n)	Somraw
mustache (n)	loch
mutiny (v)	qIQ
myth (n)	wIch
nacelle (n)	HanDogh
nag (v)	boj
name, call (v)	pong
name (n)	pong
nap (v)	Dum
native (n)	Sung
navigate (v)	chIj
navigator (n)	chIjwI’
necklace (n)	ghIgh
neck (n)	mong
negotiate (v)	Sutlh
neighbor (n)	jil
Neuralese (n)	nuralngan
Neural (n)	nural
neutral zone (n)	neHmaH
never (adv)	not
night (n)	ram
nine (num)	Hut
ninth (num)	HutDIch
no (answer to a question) (excl)	ghobe’
nobility (n)	chuQun
no, I won’t, I refuse (excl)	Qo’
nonsense (n)	Dap
nose (n)	ghIch
nostril (n)	tlhon
nothing, none (n)	pagh
not yet (adv)	wej
noun (n)	DIp
nova (n)	puyjaq
now (adv)	DaH
number (n)	mI’
oath (n)	’Ip
obey (v)	lob
obliterate (v)	Sang
obstruct (v)	waQ
occupy (military term) (v)	Dan
occur, happen (v)	qaS
ocean (n)	bIQ’a’
offend (v)	maw
officer (n)	’utlh
officer (n)	yaS
often (adv)	pIj
omit (v)	nop
once (adv)	wa’logh
one (num)	wa’
only, merely, just (adv)	neH
open (v)	poSmoH
opinion (n)	vuD
opponent, adversary (n)	ghol
opportunity (n)	’eb
or, and/or (joining nouns) (conj)	joq
or, and/or (joining sentences) (conj)	qoj
orbit (v)	bav
order, command (v)	ra’
or, either/or (joining nouns) (conj)	ghap
or, either/or (joining sentences) (conj)	pagh
Organian (n)	’orghengan
Organia (n)	’orghen
Organian Peace Treaty (n)	’orghen rojmab
origin (n)	mung
outside (n)	Hur
override (v)	ngep
overtake, pass (v)	juS
pajamas (n)	nIvnav
palm (of hand) (n)	toch
panic (v)	lIm
pants (n)	yopwaH
paper clip (n)	mavjop
paper (n)	nav
parallel course (n)	HeDon
participate (v)	jeS
partner (n)	qoch
passenger (n)	raQpo’
patient (n)	SID
patrol (v)	ngIv
pause (v)	yev
pay attention, concentrate (v)	qIm
pay for (v)	DIl
peace (n)	roj
peace treaty (n)	rojmab
penalty (n)	jIp
percent (n)	vatlhvI’
perhaps (adv)	chaq
period of time (n)	poH
person (humanoid) (n)	ghot
person (humanoid) (n)	nuv
persuade, convince (v)	pon
pet (n)	Saj
pet, stroke (v)	yach
phaser banks (n)	pu’DaH
phaser crew (n)	pu’beq
phaser (n)	pu’
phaser pistol (n)	pu’HIch
phaser rifle (n)	pu’beH
phenomenon, event, occurrence (n)	wanI’
pickle (cucumber) (n)	Hurgh
pick up (v)	woH
pity (v)	vup
place (v)	lan
planet (n)	yuQ
planetoid (n)	yuQHom
plant (v)	poch
plan (v)	nab
plastic (n)	mep
play a game (v)	Quj
play (v)	reH
plead, beg (v)	qoy’
pleasure (n)	bel
poison (n)	tar
ponytail holder (n)	choljaH
ponytail (n)	DaQ
population (n)	roghvaH
possibility, option (n)	DuH
postpone, procrastinate (v)	lum
practice, train, prepare (v)	qeq
precede (v)	nung
predecessor (n)	nubwI’
prefer (v)	maS
prefix (n)	moHaq
prepare for, be alerted to (v)	ghuH
presentation (n)	much
present (v)	much
preserve (v)	choq
press down (v)	’uy
prevent, block, prohibit (v)	bot
prisoner (n)	qama’
prison, jail (n)	bIghHa’
privilege (n)	DIb
prize (n)	tev
proclaim (v)	maq
produce (v)	lIng
program (a computer) (v)	ghun
progress (n)	Ser
progress (v)	tlhetlh
project (n)	jInmol
project, put on (screen) (v)	Hotlh
promise (v)	lay’
promote (v)	num
propel (v)	vo’
prosper, be prosperous (v)	chep
protect (v)	Qan
prove (v)	tob
punish (v)	Hup
pupil (of eye) (n)	lur
purposely, on purpose, intentionally (adv)	chIch
push (v)	yuv
put down (v)	roQ
put on (clothes) (v)	tuQmoH
quadrotriticale (n)	loSpev
quarrel (v)	Sol
question, interrogate (v)	yu’
quit (v)	bup
race (type, sort, class) (n)	Segh
radan (crude dilithium crystal) (n)	Dom
raid (v)	weH
rain (v)	SIS
raise (v)	pep
range, distance (n)	chuq
ransom (n)	voHDajbo’
ray (n)	tIH
reach (v)	SIch
read (v)	laD
ready (excl)	’eH
ready, standing by (excl)	Su’
ready, standing by (excl)	SuH
realize (v)	tlhoj
reason (n)	meq
reason (v)	meq
rebel (n)	lotlhwl’
rebel (v)	lotlh
receive (v)	Hev
recognize (v)	ghov
recommend, suggest (v)	chup
record (n)	ta
record (v)	qon
refuge (n)	lulIgh
region (n)	Sep
regret (v)	pay
Regulan bloodworm (n)	reghuluS ’Iwghargh
Regulan (n)	reghuluSngan
Regulus (n)	reghuluS
relieve (v)	Son
religion (n)	lalDan
remain (v)	ratlh
remember (v)	qaw
remind (v)	qawmoH
remove, take off (v)	teq
Remus (n)	rIymuS
represent (v)	’oS
research (v)	QuI
resemble (v)	rur
resent (v)	qeH
resign (v)	paj
resource (n)	Sup
resources (n)	jo
respect (v)	vuv
restaurant (n)	Qe’
rest, relax (v)	leS
retaliate (v)	noD
retreat (v)	HeD
return (v)	chegh
revenge (n)	bortaS
ride (v)	lIgh
ridicule (v)	nuS
rifle (n)	beH
right (side) (n)	nIH
ring (for finger) (n)	Qeb
river (n)	bIQtIq
roam, travel, rove (v)	leng
robe (n)	mop
robot(n)	qoq
rob (v)	Hej
rock, stone (n)	nagh
Romulan (n)	romuluSngan
Romulus (n)	romuluS
room (n)	pa’
round up (v)	lIq
rover (grammatical term) (n)	lengwI’
ruins (n)	pIgh
rule, reign, run (v)	che’
rumor, gossip (n)	joS
run, jog (v)	qet
sabotage (v)	Sorgh
saccharin (n)	HaQchor
salute (v)	van
satellite (n)	SIbDoH
satisfy (v)	yonmoH
save, rescue (v)	toD
scanner (n)	HotlhwI’
scan (v)	Hotlh
scare (v)	ghIj
scatter, disperse (v)	ghomHa’
scavenge (v)	qor
school (n)	DuSaQ
science (n)	QeD
science officer (n)	QeDpIn
scientist (n)	tej
scold (v)	qun
scream, cry out, shout, yell (v)	jach
second (num)	cha’DIch
second (of time) (n)	lup
secret (n)	pegh
section (n)	’ay’
sector, zone (n)	mIch
security (n)	Hung
see (v)	legh
sell (v)	ngev
send (v)	ngeH
sensor (n)	noch
sentence (n)	mu’tlhegh
separate (v)	chev
sergeant (n)	bu’
serpent, worm (n)	ghargh
servant (n)	toy’wI’
serve (a master) (v)	toy’
serve (food) (v)	jab
seven (num)	Soch
seventh (num)	SochDIch
shadow (n)	QIb
shame (v)	tuHmoH
Sherman’s Planet (n)	SermanyuQ
shield (n)	yoD
shield (v)	yoD
shine, be shiny (v)	boch
ship, vessel (n)	Duj
shoe (n)	waq
shoot (v)	bach
shore leave (n)	leSpoH
shortcut (n)	qIgh
shot (n)	bach
shoulder (n)	volchaH
show, display (picture) (v)	cha’
show, reveal (v)	’ang
side (n)	Dop
sight (with gunsight) (v)	puS
sign (a treaty) (v)	qI’
silence (v)	tammoH
sin (v)	yem
sir (n)	qaH
sister (n)	be’nI’
situation (n)	ghu’
sit (v)	ba’
six (num)	jav
sixth (num)	javDIch
skin (n)	DIr
skin (v)	Surgh
sky(n)	chal
sleep (v)	Qong
slightly, a little bit (adv)	loQ
slingshot (n)	moy’bI’
slit (v)	SIj
slowly (adv)	QIt
small arms (n)	nuHHom
smear (v)	ngoH
smell, emit odor (v)	He’
smell, sense odors (v)	largh
smoke (n)	tlhIch
snow (v)	peD
society (n)	nugh
socks (n)	paSlogh
soldier (n)	mang
soldiers (n)	negh
solution (liquid) (n)	taS
somebody, something, anybody, anything (n)	vay’
sometimes (adv)	rut
somewhere (n)	vogh
son (n)	puqloD
soon (adv)	tugh
so, then, thus, in that case (adv)	vaj
source (n)	Hal
so, well (excl)	toH
space (n)	logh
space station (n)	tengchaH
speak (v)	jatlh
species (n)	mut
specimen (n)	chovnatlh
speech, lecture, address (n)	SoQ
speech (vocal sounds) (n)	QIch
sphere (n)	moQ
spine (n)	pIp
spin (v)	DIng
spy (n)	ghoqwI’
spy (v)	ghoq
squadron (n)	nawlogh
stab (v)	DuQ
stand (v)	Qam
star base (n)	’ejyo’waw’
Starfleet (n)	’ejyo’
star (n)	Hov
starship, starship class (n)	’ejDo’
star system (n)	Hovtay’
status (n)	Dotlh
steal (v)	nIH
steam (n)	SeS
step on (v)	gho’
sting (v)	’aw’
stink (v)	He’So’
stomach (n)	burgh
stoop (v)	joD
stop, cease (v)	mev
storm (v)	jev
story (n)	lut
strategy (n)	Dup
strength, energy, power (n)	HoS
student (n)	ghojwI’
study (v)	HaD
stuff (v)	ghoD
sublight speed (n)	gho’Do
success (n)	Qapla’
suddenly (adv)	pay’
suffer (v)	bech
suffix (n)	mojaq
superior (n)	moch
support (military term) (n)	ngaq
surface (of a planet) (n)	ghor
surgery (n)	Haq
surprise (v)	mer
surrender, give up (v)	jegh
swallow (v)	ghup
switch (n)	leQ
sword (n)	’etlh
system (n)	pat
tactical display (n)	wIy
tactical officer (n)	ya
tactics (n)	to’
take away (v)	nge’
take care of, care for (v)	Qorgh
take down (v)	jotlh
take (v)	tlhap
target (n)	DoS
targets (n)	ray’
teachings (n)	paQDI’norgh
teach, instruct (v)	ghojmoH
technician (n)	chamwI’
tell, report (v)	ja’
tell the truth (v)	vIt
Tellun Star System (n)	telun Hovtay’
temperature (n)	Hat
temple (structure) (n)	chIrgh
tempt (v)	tlhu’moH
ten (number-forming element) (num)	maH
ten (num)	wa’maH
tenth (num)	wa’maHDIch
ten thousand (num)	netlh
Terran, Earther (n)	tera’ngan
that (previous topic) (pro)	’e’
that (previous topic) (pro)	net
theory (n)	nger
theragen (n)	Qab
there, over there, thereabouts (n)	pa’
they, them (capable of using language) (pro)	chaH
they, them (incapable of language) (pro)	bIH
thief (n)	nIHwI’
thing (n)	Doch
think (v)	Qub
third (num)	wejDIch
thousand (num)	SaD
thousand (num)	SanID
threaten (v)	buQ
three (num)	wej
throat (n)	Hugh
throw away (v)	woD
thruster (n)	vIj
thrusters (n)	chuyDaH
thrust (v)	ghoS
tickle (v)	qotlh
tighten (v)	QeymoH
time (v)	poH
toe (n)	yaD
toilet (n)	puch
tolerate (v)	chergh
tomorrow (n)	wa’leS
tongue (n)	jat
toothache (n)	Ho”oy’
tooth (n)	Ho’
topaline (n)	toplIn
torpedoes (n)	cha
torpedo (n)	peng
torpedo tube (n)	chetvI’
torpedo tube (n)	DuS
torture (v)	joy’
touch, feel (v)	Hot
trade (v)	mech
tradition (n)	lurDech
traitor (n)	maghwI’
transact (v)	Huq
transfer (v)	Qay
translate (v)	mugh
translator (n)	mughwI’
transmit data (away from a place) (v)	lab
transmit data (to a place) (v)	lI’
transport beam (n)	jol
transporter ionizer unit (n)	jolvoy’
transport room (n)	jolpa’
transport (v)	lup
treason (n)	’urmang
treaty (n)	mab
tree (n)	Sor
tribble (n)	yIH
tricorder (n)	Hoqra’
trillium (n)	DIlyum
trip, voyage (n)	leng
troops (n)	QaS
trouble (n)	Seng
Troyius (n)	Doy’yuS
truce (n)	roj Hom
trunk (of body) (n)	ro
trust, have faith in (v)	voq
tunic (n)	yIvbeH
tunnel (n)	’och
turn (v)	tlhe’
twice (adv)	cha’logh
twilight (n)	choS
two (num)	cha’
type of animal (n)	’er
type of animal (n)	Qa’
type of animal (n)	Qogh
unconditional surrender (n)	Doghjey
underground (n)	wutlh
understand (v)	yaj
undress (v)	tuQHa’moH
uniform (n)	HIp
United Federation of Planets (n)	yuQjIjQa’
universe (n)	’u’
use (v)	lo’
vacate (v)	qeD
vacation, take a vacation (v)	ghIQ
valley (n)	ngech
variety (n)	Sar
vegetation (n)	tI
vein (n)	’aD
velocity (n)	Do
vent (n)	yIb
verb (n)	wot
verify (v)	’ol
victory, triumph (n)	yay
viewing screen (n)	jIH
village (n)	vengHom
violate (v)	wem
violation (n)	wem
visit (v)	Such
visual display (n)	HaSta
vocabulary (n)	mu’tay’
voice (n)	ghogh
volunteer (v)	Sap
vow, swear (v)	’Ip
Vulcan (person) (n)	vulqangan
Vulcan (planet) (n)	vulqan
wait (for) (v)	loS
wake (someone) up (v)	vemmoH
wake up, cease sleeping (v)	vem
walk (v)	yIt
want (v)	neH
war (n)	veS
warp drive (n)	pIvghor
warp factor (n)	pIvlob
washroom (n)	puchpa’
watch (v)	bej
water (n)	bIQ
wave (n)	yu’egh
weaken (v)	pujmoH
weakling (n)	pujwI’
weapon (n)	nuH
wear (clothes) (v)	tuQ
wear out (v)	QopmoH
week (Klingon) (n)	Hogh
well done, very good (excl)	majQa’
we, us (pro)	maH
what do you want? (greeting) (excl)	nuqneH
what? (ques)	nuq
wheeze (v)	tlhov
when? (ques)	ghorgh
where? (ques)	nuqDaq
whine (v)	vIng
whisper (v)	tlhup
who? (ques)	’Iv
why? (ques)	qatlh
wife (n)	be’nal
wind, breeze (n)	SuS
wing (n)	tel
wonder (v)	SIv
word (n)	mu’
work, function, succeed (v)	Qap
work, toil (v)	vum
worrywart (n)	rejmorgh
worsen (v)	’argh
wound (v)	QID
wrap (v)	qat
wreck (v)	puy
writer’s cramp (n)	ngav
write (v)	ghItlh
writhe (v)	nogh
yank (v)	luH
yawn (v)	Hob
year (Klingon) (n)	DIS
years ago (n)	ben
years from now (n)	nem
yeoman (n)	ne’
yes, okay, I will (excl)	lu’
yes, okay, I will (excl)	luq
yesterday (n)	wa’Hu’
yes, true (answer to yes/no question) (excl)	HIja’
yes, true (answer to yes/no question) (excl)	HISlaH
you (plural) (pro)	tlhIH
you (pro)	SoH
zero (num)	pagh
zoo (n)	Hu
